Tarih,Saat,Enlem(N),Boylam(E),Derinlik(km),MD,ML,Mw,Yer,Çözüm Niteliði
2023.06.25,02:54:43,37.9153,36.2898,14.2,-.-,1.4,-.-,HACIKODAL-GOKSUN,(KAHRAMANMARAS),Ýlksel
2023.06.25,02:46:56,38.6148,40.2892,6.1,-.-,2.1,-.-,GONULACAN-GENC,(BINGOL),Ýlksel
2023.06.25,02:26:05,37.3392,37.0747,8.8,-.-,1.6,-.-,EMIROGLU-PAZARCIK,(KAHRAMANMARAS),Ýlksel
2023.06.25,02:08:53,37.4302,36.9475,4.6,-.-,1.1,-.-,KUPELIKIZ-(KAHRAMANMARAS),Ýlksel
2023.06.25,01:52:09,36.7727,36.2443,9.6,-.-,1.5,-.-,KOZLUDERE-DORTYOL,(HATAY),Ýlksel
2023.06.25,01:51:59,38.4838,37.0160,4.7,-.-,1.6,-.-,TATLAR-AFSIN,(KAHRAMANMARAS),Ýlksel
2023.06.25,01:44:06,37.9508,36.3095,4.4,-.-,1.9,-.-,KAZANDERE-GOKSUN,(KAHRAMANMARAS),Ýlksel
2023.06.25,01:36:39,38.4080,38.2323,8.9,-.-,1.9,-.-,KENDIRLI-(MALATYA),Ýlksel
2023.06.25,01:32:01,37.4200,36.8782,2.4,-.-,1.3,-.-,KILILI-TURKOGLU,(KAHRAMANMARAS),Ýlksel
2023.06.25,01:28:38,37.9667,36.3193,11.6,-.-,1.5,-.-,KAZANDERE-GOKSUN,(KAHRAMANMARAS),Ýlksel
2023.06.25,01:24:10,38.3125,38.6563,9.0,-.-,1.7,-.-,ALHANUSAGI-(MALATYA),Ýlksel
2023.06.25,00:45:58,39.5815,40.5883,5.0,-.-,2.1,-.-,ILISU-TERCAN,(ERZINCAN),Ýlksel
2023.06.25,00:31:12,38.2625,36.4357,17.3,-.-,1.2,-.-,DOGANKONAK-GOKSUN,(KAHRAMANMARAS),Ýlksel
2023.06.25,00:20:05,38.7637,39.5610,7.6,-.-,2.3,-.-,UYANDIK-KOVANCILAR,(ELAZIG),Ýlksel
2023.06.24,22:56:42,40.7192,30.4807,13.0,-.-,1.4,-.-,YAZILI-ERENLER,(SAKARYA),Ýlksel
2023.06.24,22:20:28,38.1357,36.9293,1.2,-.-,2.7,-.-,SOGUCAK-AFSIN,(KAHRAMANMARAS),Ýlksel
2023.06.24,22:16:40,36.0548,36.0772,8.8,-.-,2.1,-.-,DAGDUZU-(HATAY),Ýlksel
2023.06.24,21:39:32,41.1223,23.1005,5.0,-.-,2.2,-.-,YUNANISTAN,Ýlksel
2023.06.24,20:37:45,38.4800,37.5837,5.5,-.-,2.1,-.-,BALABAN-DARENDE,(MALATYA),REVIZE01,(2023.06.24,20:37:45)
2023.06.24,20:02:16,38.0038,29.1528,13.1,-.-,1.9,-.-,HAYTABEY-(DENIZLI),Ýlksel
2023.06.24,19:55:33,37.8717,36.2397,5.0,-.-,2.5,-.-,TOPALLAR-SAIMBEYLI,(ADANA),Ýlksel
2023.06.24,19:44:08,38.6028,38.9678,5.0,-.-,2.4,-.-,YENIKONAK-(ELAZIG),Ýlksel
2023.06.24,19:42:29,38.1103,37.7930,10.4,-.-,1.9,-.-,FINDIKKOY-DOGANSEHIR,(MALATYA),Ýlksel
2023.06.24,19:20:16,38.6227,42.0995,14.8,-.-,1.7,-.-,GOLBASI-GUROYMAK,(BITLIS),Ýlksel
2023.06.24,19:13:51,38.6733,42.1155,11.8,-.-,2.3,-.-,TASUSTU-GUROYMAK,(BITLIS),Ýlksel
2023.06.24,19:12:07,38.6883,42.1005,4.8,-.-,3.1,3.1,TASUSTU-GUROYMAK,(BITLIS),Ýlksel
2023.06.24,19:03:38,37.8770,36.2617,5.0,-.-,3.4,3.4,TOPALLAR-SAIMBEYLI,(ADANA),Ýlksel
2023.06.24,18:43:26,36.3208,36.3045,6.7,-.-,1.8,-.-,SUVATLI-(HATAY),Ýlksel
2023.06.24,18:06:33,37.1237,36.6410,7.9,-.-,3.5,3.4,FEVZIPASA-ISLAHIYE,(GAZIANTEP),Ýlksel
2023.06.24,17:43:43,38.7218,42.0870,8.8,-.-,2.0,-.-,GEDIKPINAR-GUROYMAK,(BITLIS),Ýlksel
2023.06.24,17:24:52,39.9177,39.6805,8.8,-.-,2.8,-.-,GULLUCE-KELKIT,(GUMUSHANE),Ýlksel
2023.06.24,16:38:14,37.8113,36.3370,16.3,-.-,1.3,-.-,CIGSAR-ANDIRIN,(KAHRAMANMARAS),Ýlksel
2023.06.24,16:31:05,37.1735,36.6720,8.7,-.-,1.5,-.-,KAMAN-BAHCE,(OSMANIYE),Ýlksel
2023.06.24,16:27:20,38.1888,38.2352,20.5,-.-,1.7,-.-,ATALAR-YESILYURT,(MALATYA),Ýlksel
2023.06.24,16:17:23,37.4847,36.9127,2.6,-.-,1.8,-.-,SEREFOGLU-(KAHRAMANMARAS),Ýlksel
2023.06.24,16:07:27,38.7487,39.5858,10.1,-.-,2.1,-.-,FAHRIBEYMEZREASI-KOVANCILAR,(ELAZIG),Ýlksel
2023.06.24,15:48:19,37.9185,36.2710,3.4,-.-,2.6,-.-,HACIKODAL-GOKSUN,(KAHRAMANMARAS),Ýlksel
2023.06.24,15:45:45,38.7478,39.4440,17.8,-.-,2.1,-.-,SARIBUK-(ELAZIG),Ýlksel
2023.06.24,15:44:33,38.3348,38.1073,8.5,-.-,1.8,-.-,KUYULU-YESILYURT,(MALATYA),REVIZE01,(2023.06.24,15:44:33)
2023.06.24,15:42:08,38.0282,29.1527,6.9,-.-,1.8,-.-,UZUNPINAR-(DENIZLI),Ýlksel
2023.06.24,15:35:12,37.9047,36.2800,5.3,-.-,1.6,-.-,HACIKODAL-GOKSUN,(KAHRAMANMARAS),Ýlksel
2023.06.24,15:25:56,38.4963,37.5400,6.4,-.-,1.8,-.-,KARSIYAKA-DARENDE,(MALATYA),Ýlksel
2023.06.24,15:12:05,37.8448,36.4200,25.6,-.-,1.5,-.-,KUCUKCAMURLU-GOKSUN,(KAHRAMANMARAS),Ýlksel
2023.06.24,14:49:24,38.0798,36.3540,27.2,-.-,1.4,-.-,SOGUKPINAR-GOKSUN,(KAHRAMANMARAS),Ýlksel
2023.06.24,14:40:26,37.4492,37.1480,8.7,-.-,1.9,-.-,ESKINARLI-PAZARCIK,(KAHRAMANMARAS),Ýlksel
2023.06.24,14:27:48,38.2840,37.7302,7.5,-.-,3.5,-.-,CEVIRME-AKCADAG,(MALATYA),Ýlksel
2023.06.24,14:20:08,37.9112,36.2650,5.0,-.-,3.7,-.-,TOPALLAR-SAIMBEYLI,(ADANA),Ýlksel
2023.06.24,14:11:00,38.0812,36.4525,11.1,-.-,2.1,-.-,MEHMETBEY-GOKSUN,(KAHRAMANMARAS),Ýlksel
2023.06.24,14:03:21,37.9283,36.2295,14.8,-.-,2.0,-.-,AKSAAGAC-SAIMBEYLI,(ADANA),Ýlksel
2023.06.24,13:53:26,37.6770,35.5595,6.8,-.-,2.2,-.-,ISIKKAYA-KOZAN,(ADANA),Ýlksel
2023.06.24,13:52:29,37.7658,36.3560,10.5,-.-,1.5,-.-,COKAK-ANDIRIN,(KAHRAMANMARAS),Ýlksel
2023.06.24,13:42:44,38.4157,37.4875,7.7,-.-,2.3,-.-,SUGUL-DARENDE,(MALATYA),Ýlksel
2023.06.24,13:18:52,38.3137,37.7662,17.0,-.-,1.4,-.-,DUTLU-AKCADAG,(MALATYA),Ýlksel
2023.06.24,13:16:35,37.4095,36.8972,3.1,-.-,1.6,-.-,KILILI-TURKOGLU,(KAHRAMANMARAS),Ýlksel
2023.06.24,12:54:04,36.3923,27.1763,4.3,-.-,1.8,-.-,ONIKI,ADALAR,(AKDENIZ),Ýlksel
2023.06.24,12:47:27,37.1015,27.9620,0.0,-.-,1.7,-.-,PINARKOY-MILAS,(MUGLA),Ýlksel
2023.06.24,12:45:27,38.0797,37.1765,5.9,-.-,2.4,-.-,EKINOZU,(KAHRAMANMARAS),Ýlksel
2023.06.24,12:37:01,39.8725,28.8095,0.0,-.-,1.5,-.-,YENIDANISMENT-ORHANELI,(BURSA),Ýlksel
2023.06.24,12:37:00,39.4793,33.6033,6.2,-.-,1.4,-.-,ASAGISEYH-KESKIN,(KIRIKKALE),REVIZE01,(2023.06.24,12:37:01)
2023.06.24,12:10:51,37.9327,36.2633,13.0,-.-,1.8,-.-,HACIKODAL-GOKSUN,(KAHRAMANMARAS),Ýlksel
2023.06.24,12:04:44,37.9177,38.6102,8.1,-.-,2.2,-.-,BURMAPINAR-KAHTA,(ADIYAMAN),Ýlksel
2023.06.24,11:53:51,38.2442,37.6803,13.1,-.-,1.9,-.-,HARUNUSAGI-AKCADAG,(MALATYA),Ýlksel
2023.06.24,11:48:02,37.8642,26.9495,5.5,-.-,1.5,-.-,KUSADASI,KORFEZI,(EGE,DENIZI),Ýlksel
2023.06.24,11:01:55,36.5167,36.2997,10.9,-.-,1.8,-.-,ARKITCA-KIRIKHAN,(HATAY),Ýlksel
2023.06.24,10:53:28,38.2992,37.8468,8.6,-.-,2.2,-.-,HANCERLI-AKCADAG,(MALATYA),Ýlksel
2023.06.24,10:39:33,40.0552,42.0123,5.0,-.-,1.9,-.-,KIRKDIKME-HORASAN,(ERZURUM),Ýlksel
2023.06.24,09:59:27,38.3037,37.2565,5.0,-.-,1.4,-.-,BUYUKYAPALAK-ELBISTAN,(KAHRAMANMARAS),Ýlksel
2023.06.24,09:54:34,38.3425,36.5193,2.7,-.-,1.6,-.-,ORDEKLI-SARIZ,(KAYSERI),Ýlksel
2023.06.24,09:48:29,38.0802,36.2623,18.7,-.-,1.7,-.-,KIRAZLIYURT-TUFANBEYLI,(ADANA),Ýlksel
2023.06.24,09:34:53,37.9578,36.3350,1.4,-.-,2.2,-.-,SIRMALI-GOKSUN,(KAHRAMANMARAS),Ýlksel
2023.06.24,09:30:59,37.9685,36.3580,5.3,-.-,1.7,-.-,SIRMALI-GOKSUN,(KAHRAMANMARAS),Ýlksel
2023.06.24,09:23:01,34.5335,26.2897,29.1,-.-,3.3,-.-,GIRIT,ADASI,ACIKLARI,(AKDENIZ),Ýlksel
2023.06.24,09:20:20,38.7558,39.4762,5.0,-.-,1.8,-.-,YESILDERE-KOVANCILAR,(ELAZIG),Ýlksel
2023.06.24,09:02:16,36.2967,35.9978,8.4,-.-,1.5,-.-,CEYLANDERE-SAMANDAG,(HATAY),Ýlksel
2023.06.24,08:27:23,38.2920,37.0358,29.5,-.-,1.6,-.-,KUSKAYASI-AFSIN,(KAHRAMANMARAS),Ýlksel
2023.06.24,07:53:03,37.8977,36.2920,3.2,-.-,2.3,-.-,PAYAMBURNU-GOKSUN,(KAHRAMANMARAS),Ýlksel
2023.06.24,07:47:45,36.6508,36.1982,3.6,-.-,1.8,-.-,DENIZCILER-ISKENDERUN,(HATAY),Ýlksel
2023.06.24,07:44:16,36.0360,35.9252,6.4,-.-,2.4,-.-,MEYDAN-SAMANDAG,(HATAY),Ýlksel
2023.06.24,07:42:34,40.9782,30.5942,4.7,-.-,1.5,-.-,LIMANDERE-KARASU,(SAKARYA),Ýlksel
2023.06.24,07:15:26,37.4240,36.9938,5.0,-.-,1.8,-.-,SIVRICEHUYUK-(KAHRAMANMARAS),Ýlksel
2023.06.24,07:12:22,38.1207,36.5710,9.2,-.-,1.5,-.-,CAMDERE-GOKSUN,(KAHRAMANMARAS),Ýlksel
2023.06.24,07:09:08,38.3627,37.8072,10.9,-.-,1.9,-.-,DURULOVA-AKCADAG,(MALATYA),Ýlksel
2023.06.24,07:08:33,38.7608,37.4870,12.6,-.-,1.6,-.-,AYVALI-GURUN,(SIVAS),Ýlksel
2023.06.24,06:18:42,37.9787,36.3493,24.0,-.-,1.9,-.-,HUGTAS-GOKSUN,(KAHRAMANMARAS),Ýlksel
2023.06.24,06:16:53,38.7628,39.5378,6.8,-.-,2.3,-.-,CATAKSU-PERTEK,(TUNCELI),Ýlksel
2023.06.24,06:06:30,36.7383,36.0468,8.6,-.-,1.5,-.-,ISKENDERUN,KORFEZI,(AKDENIZ),Ýlksel
2023.06.24,05:44:35,37.9713,36.2848,5.2,-.-,1.4,-.-,KAZANDERE-GOKSUN,(KAHRAMANMARAS),Ýlksel
2023.06.24,05:31:54,37.4245,37.1175,5.6,-.-,1.5,-.-,DENIZLI-PAZARCIK,(KAHRAMANMARAS),Ýlksel
2023.06.24,05:11:02,36.5252,31.0587,15.8,-.-,1.6,-.-,ANTALYA,KORFEZI,(AKDENIZ),Ýlksel
2023.06.24,04:49:17,38.6755,42.1175,6.7,-.-,1.8,-.-,TASUSTU-GUROYMAK,(BITLIS),Ýlksel
2023.06.24,04:45:45,37.9898,36.3438,5.5,-.-,1.4,-.-,HUGTAS-GOKSUN,(KAHRAMANMARAS),Ýlksel
2023.06.24,04:21:38,37.4760,37.1128,5.0,-.-,2.0,-.-,SEYRANTEPE-PAZARCIK,(KAHRAMANMARAS),Ýlksel
2023.06.24,04:16:57,38.4895,39.2803,12.1,-.-,1.3,-.-,BEKCITEPE-SIVRICE,(ELAZIG),Ýlksel
2023.06.24,04:02:30,37.3527,36.8608,6.5,-.-,1.5,-.-,TURKOGLU,(KAHRAMANMARAS),Ýlksel
2023.06.24,03:33:14,37.9637,36.5238,5.0,-.-,2.0,-.-,KIRECKOY-GOKSUN,(KAHRAMANMARAS),Ýlksel
2023.06.24,03:22:46,37.9072,36.2702,1.2,-.-,1.9,-.-,TOPALLAR-SAIMBEYLI,(ADANA),Ýlksel
2023.06.24,03:20:32,37.3807,37.0858,3.9,-.-,1.5,-.-,MAKSUTUSAGI-PAZARCIK,(KAHRAMANMARAS),Ýlksel
2023.06.24,03:13:12,38.3448,37.3333,7.3,-.-,1.1,-.-,INCECIK-ELBISTAN,(KAHRAMANMARAS),Ýlksel
2023.06.24,03:10:03,37.1288,36.1573,6.8,-.-,1.3,-.-,YENIKOY-(OSMANIYE),Ýlksel
2023.06.24,03:02:30,38.8098,37.7865,12.6,-.-,0.9,-.-,YAYLADAMI-HEKIMHAN,(MALATYA),Ýlksel
2023.06.24,02:58:56,38.3717,37.2797,2.8,-.-,1.4,-.-,GOKCEK-ELBISTAN,(KAHRAMANMARAS),Ýlksel
2023.06.24,02:57:39,38.3257,37.3468,14.9,-.-,1.2,-.-,INCECIK-ELBISTAN,(KAHRAMANMARAS),Ýlksel
2023.06.24,02:56:26,37.0353,36.3490,8.5,-.-,1.5,-.-,KARATAS-(OSMANIYE),Ýlksel
2023.06.24,02:42:52,38.0705,27.1990,10.0,-.-,1.8,-.-,CAKALTEPE-MENDERES,(IZMIR),Ýlksel
2023.06.24,02:34:50,36.3983,29.4430,8.4,-.-,2.4,-.-,AKLAR-KAS,(ANTALYA),Ýlksel
2023.06.24,02:13:13,38.1658,40.0135,5.0,-.-,1.4,-.-,TASDAM-EGIL,(DIYARBAKIR),Ýlksel
2023.06.24,01:57:41,36.5230,36.3613,7.8,-.-,1.6,-.-,ALAYBEYLI-KIRIKHAN,(HATAY),Ýlksel
2023.06.24,01:54:46,37.6665,35.5690,10.3,-.-,1.4,-.-,KOPRUCUK-ALADAG,(ADANA),Ýlksel
2023.06.24,01:23:26,34.2692,32.4097,4.9,-.-,2.3,-.-,AKDENIZ,Ýlksel
2023.06.24,01:03:21,39.6015,32.8405,11.2,-.-,1.3,-.-,BEYNAM-BALA,(ANKARA),Ýlksel
2023.06.24,01:03:02,37.7695,36.6760,27.0,-.-,1.5,-.-,SUCATI-(KAHRAMANMARAS),Ýlksel
2023.06.24,00:32:24,37.0615,36.1365,16.7,-.-,1.5,-.-,TOPRAKKALE,(OSMANIYE),Ýlksel
2023.06.24,00:29:48,38.2257,36.1875,4.2,-.-,1.4,-.-,AKPINAR-TUFANBEYLI,(ADANA),Ýlksel
2023.06.24,00:27:58,38.3485,39.4062,5.0,-.-,1.3,-.-,POLATKOY-MADEN,(ELAZIG),Ýlksel
2023.06.24,00:15:36,38.4888,39.5795,3.1,-.-,2.5,-.-,CITLIKOY-MADEN,(ELAZIG),Ýlksel
2023.06.24,00:07:58,39.6775,34.0702,8.4,-.-,1.7,-.-,KILIMLI-AKCAKENT,(KIRSEHIR),Ýlksel
2023.06.24,00:04:17,36.1638,36.0950,11.4,-.-,2.0,-.-,HUSEYINLI-SAMANDAG,(HATAY),Ýlksel
2023.06.23,23:55:08,37.3088,36.4167,19.2,-.-,1.8,-.-,ELBEYLI-DUZICI,(OSMANIYE),Ýlksel
2023.06.23,23:43:19,39.9898,28.1610,12.3,-.-,1.3,-.-,YAHYAKOY-SUSURLUK,(BALIKESIR),Ýlksel
2023.06.23,23:18:27,36.2695,36.3045,5.0,-.-,1.7,-.-,MELEKLI-(HATAY),Ýlksel
2023.06.23,23:13:47,38.0100,36.3278,5.0,-.-,2.9,-.-,HUGTAS-GOKSUN,(KAHRAMANMARAS),Ýlksel
2023.06.23,23:11:39,38.4025,37.5278,5.2,-.-,1.9,-.-,YUKARIULUPINAR-DARENDE,(MALATYA),Ýlksel
2023.06.23,22:59:39,38.0587,36.5697,5.6,-.-,1.4,-.-,TEMURAGA-GOKSUN,(KAHRAMANMARAS),Ýlksel
2023.06.23,22:56:20,38.3368,38.1795,5.0,-.-,2.0,-.-,DURULDU-(MALATYA),Ýlksel
2023.06.23,22:47:18,38.4835,37.2757,5.5,-.-,1.6,-.-,AKARCA-ELBISTAN,(KAHRAMANMARAS),Ýlksel
2023.06.23,22:43:46,38.4252,38.2215,5.0,-.-,1.6,-.-,TEPEKOY-(MALATYA),Ýlksel
2023.06.23,22:26:08,36.1770,36.1613,5.0,-.-,1.6,-.-,DURSUNLU-(HATAY),Ýlksel
2023.06.23,22:10:09,38.2952,27.5295,5.4,-.-,2.4,-.-,CINARDIBI-BAYINDIR,(IZMIR),Ýlksel
2023.06.23,22:09:21,37.8197,37.5168,5.4,-.-,1.5,-.-,SAVRAN-GOLBASI,(ADIYAMAN),Ýlksel
2023.06.23,21:57:28,37.6222,38.5687,17.6,-.-,2.1,-.-,BELOREN-KAHTA,(ADIYAMAN),Ýlksel
2023.06.23,21:06:53,38.1687,36.7112,5.0,-.-,2.4,-.-,BUYUKKIZILCIK-GOKSUN,(KAHRAMANMARAS),Ýlksel
2023.06.23,21:05:04,38.3173,37.4983,5.4,-.-,1.8,-.-,YOGUNSOGUT-ELBISTAN,(KAHRAMANMARAS),Ýlksel
2023.06.23,21:03:13,40.9977,43.9168,7.3,-.-,2.1,-.-,ERMENISTAN,Ýlksel
2023.06.23,20:56:16,40.9403,43.8322,7.5,-.-,2.2,-.-,SUNGUDERESI-AKYAKA,(KARS),Ýlksel
2023.06.23,20:18:59,37.8023,36.5802,5.1,-.-,1.7,-.-,KAYNAR-(KAHRAMANMARAS),Ýlksel
2023.06.23,20:16:21,35.4660,35.0025,9.4,-.-,2.7,-.-,AKDENIZ,Ýlksel
2023.06.23,20:14:45,38.0683,37.6423,5.0,-.-,3.7,3.7,BEGRE-DOGANSEHIR,(MALATYA),Ýlksel
2023.06.23,20:05:23,38.0770,37.6508,5.0,-.-,3.5,3.4,BEGRE-DOGANSEHIR,(MALATYA),Ýlksel
2023.06.23,19:59:26,39.9450,39.4617,9.2,-.-,2.3,-.-,ORENBEL-KELKIT,(GUMUSHANE),Ýlksel
2023.06.23,19:54:41,37.7580,36.3070,8.2,-.-,1.6,-.-,CIGSAR-ANDIRIN,(KAHRAMANMARAS),Ýlksel
2023.06.23,19:47:51,37.7642,29.3040,12.6,-.-,1.7,-.-,MENTESE-HONAZ,(DENIZLI),Ýlksel
2023.06.23,19:46:23,38.1773,37.0435,4.8,-.-,2.5,-.-,KABAAGAC-AFSIN,(KAHRAMANMARAS),Ýlksel
2023.06.23,19:40:07,36.1087,36.1433,5.0,-.-,1.6,-.-,BOZLU-(HATAY),Ýlksel
2023.06.23,19:22:22,38.2575,37.9532,15.0,-.-,1.9,-.-,OREN-AKCADAG,(MALATYA),Ýlksel
2023.06.23,19:21:24,40.9057,31.0623,24.3,-.-,1.5,-.-,CILIMLI,(DUZCE),Ýlksel
2023.06.23,19:14:52,37.0935,28.4548,6.9,-.-,2.3,-.-,ULA,(MUGLA),Ýlksel
2023.06.23,18:53:02,37.4938,37.1198,5.0,-.-,2.0,-.-,KARTAL-(KAHRAMANMARAS),Ýlksel
2023.06.23,18:18:13,38.2795,38.7487,29.9,-.-,2.0,-.-,BALPINARI-PUTURGE,(MALATYA),Ýlksel
2023.06.23,17:59:11,38.1597,38.6957,2.6,-.-,1.3,-.-,SAHILKOY-PUTURGE,(MALATYA),Ýlksel
2023.06.23,17:46:12,38.3728,37.7670,5.0,-.-,1.9,-.-,DEMIRCILER-AKCADAG,(MALATYA),Ýlksel
2023.06.23,17:40:54,38.2013,38.5373,6.7,-.-,2.3,-.-,GULUMUSAGI-(MALATYA),Ýlksel
2023.06.23,17:29:41,38.3407,38.5543,4.5,-.-,1.6,-.-,COLAKLI-(MALATYA),Ýlksel
2023.06.23,17:10:32,40.0993,42.1160,6.0,-.-,2.4,-.-,DEGIRMENLER-HORASAN,(ERZURUM),Ýlksel
2023.06.23,17:04:01,39.4305,26.0315,7.0,-.-,1.4,-.-,BADEMLI,ACIKLARI-CANAKKALE,(EGE,DENIZI),Ýlksel
2023.06.23,16:04:30,40.9535,30.5932,25.0,-.-,1.6,-.-,YASSIGECIT-KARASU,(SAKARYA),Ýlksel
2023.06.23,14:36:25,38.2637,38.1118,18.4,-.-,2.1,-.-,GORGU-YESILYURT,(MALATYA),Ýlksel
2023.06.23,13:58:10,38.3743,38.6293,4.7,-.-,1.7,-.-,MERDIVENLER-(MALATYA),Ýlksel
2023.06.23,13:51:16,38.5013,37.6797,25.0,-.-,1.3,-.-,HISARCIK-DARENDE,(MALATYA),Ýlksel
2023.06.23,13:50:36,38.1608,27.5042,5.0,-.-,2.0,-.-,ARIKBASI-BAYINDIR,(IZMIR),Ýlksel
2023.06.23,13:31:17,38.4780,37.5332,5.7,-.-,2.2,-.-,YENICE-DARENDE,(MALATYA),Ýlksel
2023.06.23,13:13:15,38.3038,37.3507,8.3,-.-,1.8,-.-,TURKOREN-ELBISTAN,(KAHRAMANMARAS),Ýlksel
2023.06.23,13:05:06,36.1278,35.8792,12.8,-.-,1.5,-.-,KAPISUYU-SAMANDAG,(HATAY),Ýlksel
2023.06.23,12:36:59,37.0927,28.4232,6.9,-.-,2.2,-.-,ULA,(MUGLA),Ýlksel
2023.06.23,12:31:04,39.9117,28.7742,0.0,-.-,1.8,-.-,CIVILI-ORHANELI,(BURSA),Ýlksel
2023.06.23,12:11:16,38.4825,37.5933,1.2,-.-,1.8,-.-,BALABAN-DARENDE,(MALATYA),Ýlksel
2023.06.23,12:04:43,37.6570,35.5798,9.1,-.-,1.5,-.-,ERGENUSAGI-KOZAN,(ADANA),Ýlksel
2023.06.23,11:52:36,41.1295,29.0102,0.0,-.-,1.2,-.-,SARIYER,(ISTANBUL),Ýlksel
2023.06.23,11:35:08,37.7565,27.1422,5.0,-.-,2.1,-.-,KUSADASI,KORFEZI,(EGE,DENIZI),Ýlksel
2023.06.23,11:08:13,37.0472,36.2745,5.0,-.-,3.0,-.-,KARACALAR-(OSMANIYE),Ýlksel
2023.06.23,10:46:47,37.7505,27.1208,5.3,-.-,2.8,-.-,KUSADASI,KORFEZI,(EGE,DENIZI),Ýlksel
2023.06.23,10:40:53,37.1847,36.9957,1.0,-.-,2.5,-.-,ATALAR-SEHITKAMIL,(GAZIANTEP),Ýlksel
2023.06.23,10:21:51,37.9135,36.3058,13.0,-.-,1.5,-.-,HACIKODAL-GOKSUN,(KAHRAMANMARAS),Ýlksel
2023.06.23,10:18:21,38.3307,37.7675,9.9,-.-,2.0,-.-,DUTLU-AKCADAG,(MALATYA),Ýlksel
2023.06.23,10:17:11,38.0518,37.5523,5.9,-.-,2.0,-.-,TATLAR-NURHAK,(KAHRAMANMARAS),Ýlksel
2023.06.23,08:36:15,37.2638,35.6218,4.2,-.-,1.9,-.-,ALAYBEYI-IMAMOGLU,(ADANA),Ýlksel
2023.06.23,08:31:22,37.3445,37.0132,4.5,-.-,2.1,-.-,KELIBISLER-PAZARCIK,(KAHRAMANMARAS),Ýlksel
2023.06.23,08:30:12,37.4247,37.1193,4.4,-.-,1.4,-.-,DENIZLI-PAZARCIK,(KAHRAMANMARAS),Ýlksel
2023.06.23,08:21:23,36.1877,35.8145,5.7,-.-,1.9,-.-,AKDENIZ,Ýlksel
2023.06.23,07:53:18,37.8173,36.5692,5.4,-.-,2.6,-.-,CUKURHISAR-(KAHRAMANMARAS),Ýlksel
2023.06.23,06:43:44,36.4787,29.5275,26.4,-.-,2.6,-.-,CAMLIKOY-KAS,(ANTALYA),Ýlksel
2023.06.23,06:41:39,36.0758,36.0290,4.3,-.-,1.2,-.-,YESILYAZI-SAMANDAG,(HATAY),Ýlksel
2023.06.23,06:38:36,38.1360,38.2388,14.1,-.-,2.4,-.-,CAMPINAR-CELIKHAN,(ADIYAMAN),Ýlksel
2023.06.23,06:32:57,36.5687,36.1920,5.9,-.-,2.7,-.-,ASKARBEYLI-ISKENDERUN,(HATAY),Ýlksel
2023.06.23,06:08:27,36.9160,35.0477,31.0,-.-,2.7,-.-,YUKSEKKOY-TARSUS,(MERSIN),Ýlksel
2023.06.23,05:41:05,38.4670,39.3718,6.6,-.-,2.0,-.-,SUREK-SIVRICE,(ELAZIG),Ýlksel
2023.06.23,05:34:26,38.1683,37.8298,15.8,-.-,1.2,-.-,POLAT-DOGANSEHIR,(MALATYA),Ýlksel
2023.06.23,05:22:16,39.9562,44.4550,14.2,-.-,1.8,-.-,RAMAZANKENT-ARALIK,(IGDIR),Ýlksel
2023.06.23,05:21:59,39.3560,27.8917,7.9,-.-,2.0,-.-,KOZDEREGUVEN-(BALIKESIR),Ýlksel
2023.06.23,05:12:43,36.6970,36.1077,6.8,-.-,2.0,-.-,ISKENDERUN,KORFEZI,Ýlksel
2023.06.23,05:03:52,36.1148,35.8032,17.7,-.-,2.7,-.-,AKDENIZ,Ýlksel
2023.06.23,04:49:59,38.0703,36.8675,4.5,-.-,1.4,-.-,ERICEK-GOKSUN,(KAHRAMANMARAS),Ýlksel
2023.06.23,04:36:33,36.7233,36.1268,6.8,-.-,2.7,-.-,ISKENDERUN,KORFEZI,Ýlksel
2023.06.23,04:34:52,38.3910,39.2668,4.1,-.-,1.9,-.-,SOGUKPINAR-SIVRICE,(ELAZIG),Ýlksel
2023.06.23,04:33:28,38.1087,36.9987,5.4,-.-,1.8,-.-,CALIS-ELBISTAN,(KAHRAMANMARAS),Ýlksel
2023.06.23,04:22:09,37.8627,26.9388,11.1,-.-,1.2,-.-,KUSADASI,KORFEZI,(EGE,DENIZI),Ýlksel
2023.06.23,04:19:54,37.6443,36.3298,8.7,-.-,1.3,-.-,ALTINBOGA-ANDIRIN,(KAHRAMANMARAS),Ýlksel
2023.06.23,04:17:39,37.0382,36.1152,9.4,-.-,2.7,-.-,BUYUKTUYSUZ-TOPRAKKALE,(OSMANIYE),Ýlksel
2023.06.23,04:00:51,39.0672,39.0773,19.0,-.-,1.6,-.-,BOZAGAC-CEMISGEZEK,(TUNCELI),Ýlksel
2023.06.23,03:53:18,37.9205,36.5077,27.8,-.-,1.2,-.-,DEGIRMENDERE-GOKSUN,(KAHRAMANMARAS),Ýlksel
2023.06.23,03:50:35,38.0945,36.5638,8.2,-.-,1.5,-.-,YAGMURLU-GOKSUN,(KAHRAMANMARAS),Ýlksel
2023.06.23,03:19:00,39.5470,26.0380,6.1,-.-,1.6,-.-,GULPINAR,ACIKLARI-CANAKKALE,(EGE,DENIZI),Ýlksel
2023.06.23,03:11:16,37.4188,37.0895,4.0,-.-,1.6,-.-,DENIZLI-PAZARCIK,(KAHRAMANMARAS),Ýlksel
2023.06.23,03:07:54,38.7295,35.2813,5.6,-.-,1.6,-.-,SARAYCIK-INCESU,(KAYSERI),Ýlksel
2023.06.23,02:43:01,38.9090,26.8450,10.7,-.-,1.7,-.-,CANDARLI,KORFEZI,(EGE,DENIZI),Ýlksel
2023.06.23,02:38:55,38.1707,27.5128,9.5,-.-,1.4,-.-,ARIKBASI-BAYINDIR,(IZMIR),Ýlksel
2023.06.23,02:32:43,38.6538,35.3645,10.3,-.-,1.9,-.-,SAKARCIFTLIGI-HACILAR,(KAYSERI),Ýlksel
2023.06.23,02:25:20,38.1602,27.5020,9.9,-.-,1.2,-.-,ARIKBASI-BAYINDIR,(IZMIR),Ýlksel
2023.06.23,02:21:00,37.9543,36.2228,16.4,-.-,1.4,-.-,KALEBOYNU-GOKSUN,(KAHRAMANMARAS),Ýlksel
2023.06.23,02:19:22,36.2530,36.0067,5.4,-.-,2.8,-.-,SELDIREN-SAMANDAG,(HATAY),Ýlksel
2023.06.23,02:16:14,38.1893,27.5127,16.5,-.-,1.2,-.-,CIFTCIGEDIGI-BAYINDIR,(IZMIR),Ýlksel
2023.06.23,02:14:53,38.1945,37.8322,7.4,-.-,2.3,-.-,POLAT-DOGANSEHIR,(MALATYA),Ýlksel
2023.06.23,02:10:57,37.8298,26.7840,6.7,-.-,1.7,-.-,EGE,DENIZI,Ýlksel
2023.06.23,02:00:49,39.4733,33.1915,8.2,-.-,2.0,-.-,CATALOREN-BALA,(ANKARA),Ýlksel
2023.06.23,02:00:43,36.2367,36.4425,8.3,-.-,3.1,-.-,KONUK-REYHANLI,(HATAY),Ýlksel
2023.06.23,01:43:10,36.9762,29.3252,6.1,-.-,1.7,-.-,SOFULAR-CAMELI,(DENIZLI),Ýlksel
2023.06.23,01:42:05,38.2842,38.6383,8.4,-.-,2.7,-.-,PELITLI-(MALATYA),Ýlksel
2023.06.23,01:37:28,38.1628,38.2545,19.6,-.-,1.6,-.-,ALTINTAS-CELIKHAN,(ADIYAMAN),Ýlksel
2023.06.23,01:21:54,35.1878,36.5632,18.8,-.-,3.4,-.-,SURIYE,Ýlksel
2023.06.23,01:15:34,38.3958,37.4283,1.4,-.-,1.6,-.-,YALINTAS-ELBISTAN,(KAHRAMANMARAS),Ýlksel
2023.06.23,01:08:26,38.4518,38.0400,4.1,-.-,1.8,-.-,YUKARIORUKCU-AKCADAG,(MALATYA),Ýlksel
2023.06.23,00:20:29,37.9278,36.2655,15.6,-.-,1.9,-.-,HACIKODAL-GOKSUN,(KAHRAMANMARAS),Ýlksel
2023.06.22,23:56:01,37.9762,36.3212,8.8,-.-,2.0,-.-,KAZANDERE-GOKSUN,(KAHRAMANMARAS),Ýlksel
2023.06.22,22:59:40,37.9825,36.2548,13.8,-.-,1.7,-.-,KAZANDERE-GOKSUN,(KAHRAMANMARAS),Ýlksel
2023.06.22,22:52:29,36.3467,29.2003,20.4,-.-,1.8,-.-,DODURGA-FETHIYE,(MUGLA),Ýlksel
2023.06.22,22:46:34,37.6182,35.4477,3.2,-.-,2.2,-.-,DARILIK-ALADAG,(ADANA),Ýlksel
2023.06.22,22:46:20,37.8798,29.5840,16.1,-.-,1.3,-.-,ARMUTALANI-BOZKURT,(DENIZLI),Ýlksel
2023.06.22,22:33:37,35.2362,36.5273,7.5,-.-,2.3,-.-,SURIYE,Ýlksel
2023.06.22,22:12:01,38.0990,37.1640,7.7,-.-,1.7,-.-,GUPLUCE-ELBISTAN,(KAHRAMANMARAS),Ýlksel
2023.06.22,22:05:23,37.4417,37.0085,5.0,-.-,1.9,-.-,SIVRICEHUYUK-(KAHRAMANMARAS),Ýlksel
2023.06.22,22:00:30,36.6662,36.4112,7.6,-.-,1.7,-.-,BEKTASLI-KIRIKHAN,(HATAY),Ýlksel
2023.06.22,21:43:53,36.1797,36.0252,2.8,-.-,1.3,-.-,YAYLICA-SAMANDAG,(HATAY),Ýlksel
2023.06.22,21:37:01,37.8842,36.2443,15.7,-.-,1.6,-.-,TOPALLAR-SAIMBEYLI,(ADANA),Ýlksel
2023.06.22,21:17:12,39.0643,40.1015,1.5,-.-,3.1,-.-,AKPINAR-KARAKOCAN,(ELAZIG),Ýlksel
2023.06.22,21:04:55,35.9323,30.8918,9.8,-.-,2.6,-.-,AKDENIZ,Ýlksel
2023.06.22,20:52:22,36.6858,31.1148,7.2,-.-,2.0,-.-,ANTALYA,KORFEZI,(AKDENIZ),Ýlksel
2023.06.22,20:47:29,38.1760,38.6697,24.7,-.-,1.3,-.-,ESENLIK-PUTURGE,(MALATYA),Ýlksel
2023.06.22,20:24:41,38.5242,37.6087,6.4,-.-,1.7,-.-,IRMAKLI-DARENDE,(MALATYA),Ýlksel
2023.06.22,20:17:06,37.9800,36.4248,6.6,-.-,1.7,-.-,TASOLUK-GOKSUN,(KAHRAMANMARAS),Ýlksel
2023.06.22,20:04:26,38.1940,38.5885,8.6,-.-,1.8,-.-,SOGUTLU-PUTURGE,(MALATYA),Ýlksel
2023.06.22,19:40:58,36.0653,27.3005,7.0,-.-,2.2,-.-,AKDENIZ,Ýlksel
2023.06.22,19:25:22,44.4890,37.4895,73.7,-.-,3.6,-.-,RUSYA,Ýlksel
2023.06.22,19:13:06,37.8628,26.9462,7.2,-.-,2.1,-.-,KUSADASI,KORFEZI,(EGE,DENIZI),Ýlksel
2023.06.22,19:05:11,37.8617,26.9328,7.4,-.-,2.1,-.-,KUSADASI,KORFEZI,(EGE,DENIZI),Ýlksel
2023.06.22,19:02:52,37.6018,37.3465,8.8,-.-,1.7,-.-,KARAAGAC-PAZARCIK,(KAHRAMANMARAS),Ýlksel
2023.06.22,18:53:00,39.3918,40.5963,9.0,-.-,1.5,-.-,YESILGOL-YEDISU,(BINGOL),Ýlksel
2023.06.22,18:46:21,37.6478,37.2943,13.2,-.-,1.4,-.-,BOLUKDAMLAR-CAGLAYANCERIT,(KAHRAMANMARAS),Ýlksel
2023.06.22,18:30:38,37.5912,37.2988,7.8,-.-,2.6,-.-,BUYUKNACAR-PAZARCIK,(KAHRAMANMARAS),Ýlksel
2023.06.22,18:26:19,37.9872,30.2278,15.7,-.-,1.9,-.-,AYDOGMUS-KECIBORLU,(ISPARTA),Ýlksel
2023.06.22,18:25:57,38.8987,26.8448,5.4,-.-,1.7,-.-,CANDARLI,KORFEZI,(EGE,DENIZI),Ýlksel
2023.06.22,18:20:10,37.8477,36.2285,10.3,-.-,1.8,-.-,KARAKUYU-SAIMBEYLI,(ADANA),Ýlksel
2023.06.22,18:11:20,39.2497,26.8922,12.4,-.-,2.4,-.-,DEMIRCIDERE-BERGAMA,(IZMIR),Ýlksel
2023.06.22,17:53:50,38.4908,39.5313,8.4,-.-,1.7,-.-,KIZILTEPE-MADEN,(ELAZIG),Ýlksel
2023.06.22,17:47:58,37.9655,36.1850,1.9,-.-,1.4,-.-,KALEBOYNU-GOKSUN,(KAHRAMANMARAS),Ýlksel
2023.06.22,17:27:43,37.6152,37.3343,5.0,-.-,3.3,3.3,KARAAGAC-PAZARCIK,(KAHRAMANMARAS),Ýlksel
2023.06.22,17:13:52,36.1150,29.3292,2.4,-.-,1.7,-.-,KALKAN,ACIKLARI-ANTALYA,(AKDENIZ),Ýlksel
2023.06.22,16:49:17,37.3663,37.0722,5.0,-.-,1.4,-.-,ARSLANBEY-PAZARCIK,(KAHRAMANMARAS),Ýlksel
2023.06.22,16:29:53,38.1113,37.7563,9.6,-.-,1.9,-.-,FINDIKKOY-DOGANSEHIR,(MALATYA),Ýlksel
2023.06.22,16:06:16,38.3437,38.1462,14.4,-.-,2.0,-.-,KUSDOGAN-YESILYURT,(MALATYA),Ýlksel
2023.06.22,15:22:22,38.6242,26.6972,8.5,-.-,2.2,-.-,IZMIR,KORFEZI,(EGE,DENIZI),Ýlksel
2023.06.22,15:05:26,38.2242,38.2228,2.3,-.-,2.9,-.-,KADIRUSAGI-YESILYURT,(MALATYA),Ýlksel
2023.06.22,14:52:28,38.1985,38.4293,5.4,-.-,2.1,-.-,UCGOZE-YESILYURT,(MALATYA),Ýlksel
2023.06.22,14:31:15,39.1493,38.2307,3.2,-.-,2.6,-.-,AGACLIGOL-DIVRIGI,(SIVAS),Ýlksel
2023.06.22,14:00:25,38.0395,36.6237,15.6,-.-,1.9,-.-,KALEKOY-GOKSUN,(KAHRAMANMARAS),Ýlksel
2023.06.22,13:56:45,37.1297,36.4993,5.4,-.-,1.7,-.-,YANIKKISLA-HASANBEYLI,(OSMANIYE),Ýlksel
2023.06.22,13:55:19,37.8792,37.6297,10.2,-.-,2.1,-.-,MEYDANKOY-GOLBASI,(ADIYAMAN),Ýlksel
2023.06.22,13:17:59,38.0527,37.5587,5.2,-.-,1.9,-.-,GOVDELI-DOGANSEHIR,(MALATYA),Ýlksel
2023.06.22,13:16:28,38.1508,36.7087,5.8,-.-,1.5,-.-,KARAOMER-GOKSUN,(KAHRAMANMARAS),Ýlksel
2023.06.22,13:06:14,40.7387,42.7908,5.0,-.-,2.5,-.-,CULLU-GOLE,(ARDAHAN),Ýlksel
2023.06.22,12:41:36,40.7357,42.7912,1.6,-.-,2.5,-.-,CULLU-GOLE,(ARDAHAN),Ýlksel
2023.06.22,12:40:57,40.7238,42.8537,3.0,-.-,2.0,-.-,AKDERE-(KARS),Ýlksel
2023.06.22,12:38:30,39.9217,28.9495,0.0,-.-,1.4,-.-,KUSUMLAR-ORHANELI,(BURSA),Ýlksel
2023.06.22,12:37:08,38.4892,37.4732,3.2,-.-,1.7,-.-,YAVUZLAR-DARENDE,(MALATYA),Ýlksel
2023.06.22,12:13:38,37.2517,36.9518,5.3,-.-,1.8,-.-,INCIRLI-NURDAGI,(GAZIANTEP),Ýlksel
2023.06.22,12:05:46,38.0987,36.6192,8.7,-.-,1.8,-.-,KANLIKAVAK-GOKSUN,(KAHRAMANMARAS),Ýlksel
2023.06.22,11:59:36,38.2503,38.5635,8.1,-.-,2.2,-.-,TANISIK-(MALATYA),Ýlksel
2023.06.22,11:17:41,37.5397,37.1415,5.0,-.-,1.7,-.-,ELMALAR-(KAHRAMANMARAS),Ýlksel
2023.06.22,11:14:02,38.6367,27.9580,5.6,-.-,2.1,-.-,HACIVELILER-GOLMARMARA,(MANISA),Ýlksel
2023.06.22,10:52:51,37.2078,36.9488,5.0,-.-,2.2,-.-,SATIRHUYUK-NURDAGI,(GAZIANTEP),Ýlksel
2023.06.22,10:18:07,38.0635,37.6472,10.2,-.-,1.9,-.-,BEGRE-DOGANSEHIR,(MALATYA),Ýlksel
2023.06.22,09:22:30,38.9213,38.5350,5.0,-.-,1.6,-.-,ESKIARAPKIR-ARAPGIR,(MALATYA),Ýlksel
2023.06.22,09:20:56,37.2865,37.1018,1.5,-.-,1.6,-.-,ORDEKDEDE-PAZARCIK,(KAHRAMANMARAS),Ýlksel
2023.06.22,09:19:27,37.3012,37.0610,5.4,-.-,1.9,-.-,EMIROGLU-PAZARCIK,(KAHRAMANMARAS),Ýlksel
2023.06.22,09:10:16,38.3970,39.4670,5.0,-.-,1.7,-.-,ALTINTARLA-MADEN,(ELAZIG),Ýlksel
2023.06.22,08:59:40,37.1828,36.9705,5.3,-.-,1.9,-.-,SATIRHUYUK-NURDAGI,(GAZIANTEP),Ýlksel
2023.06.22,08:21:02,38.1285,38.4117,8.1,-.-,4.2,4.2,SALKONAK-YESILYURT,(MALATYA),Ýlksel
2023.06.22,08:12:53,36.2897,36.3025,8.5,-.-,2.5,-.-,SUVATLI-(HATAY),Ýlksel
2023.06.22,07:37:18,37.6672,35.6923,8.4,-.-,1.7,-.-,VELICANLI-KOZAN,(ADANA),Ýlksel
2023.06.22,07:25:40,38.5760,33.6635,3.3,-.-,2.4,-.-,ALTINKAYA-(AKSARAY),Ýlksel
2023.06.22,07:07:00,38.1358,37.1790,5.0,-.-,3.1,3.1,GUPLUCE-ELBISTAN,(KAHRAMANMARAS),Ýlksel
2023.06.22,06:49:14,38.0248,36.5248,5.0,-.-,3.2,3.1,HACIMIRZA-GOKSUN,(KAHRAMANMARAS),Ýlksel
2023.06.22,05:42:27,43.9490,33.5007,65.1,-.-,4.5,4.4,KARADENIZ,Ýlksel
2023.06.22,05:16:57,38.6702,39.6445,6.4,-.-,2.1,-.-,UZUNOVA-KOVANCILAR,(ELAZIG),Ýlksel
2023.06.22,05:06:44,37.3118,37.0498,9.5,-.-,3.1,3.1,EMIROGLU-PAZARCIK,(KAHRAMANMARAS),Ýlksel
2023.06.22,04:11:45,38.2343,38.6245,6.5,-.-,3.6,3.7,KAVAKLIDERE-PUTURGE,(MALATYA),Ýlksel
2023.06.22,04:01:52,37.1707,30.9225,91.7,-.-,2.4,-.-,HACIOSMANLAR-SERIK,(ANTALYA),Ýlksel
2023.06.22,03:58:43,36.2865,36.2867,9.0,-.-,2.1,-.-,SUVATLI-(HATAY),Ýlksel
2023.06.22,03:24:43,36.2530,36.1323,4.5,-.-,1.4,-.-,EKINCI-(HATAY),Ýlksel
2023.06.22,03:18:00,36.3360,28.0033,57.3,-.-,2.5,-.-,RODOS,ADASI,(AKDENIZ),Ýlksel
2023.06.22,03:15:26,38.1380,38.3693,8.0,-.-,2.1,-.-,SALKONAK-YESILYURT,(MALATYA),Ýlksel
2023.06.22,03:09:29,37.0567,36.1913,8.5,-.-,1.6,-.-,AKYAR-(OSMANIYE),Ýlksel
2023.06.22,02:50:52,38.0897,37.6175,8.6,-.-,1.8,-.-,TAPKIRANKALE-ELBISTAN,(KAHRAMANMARAS),Ýlksel
2023.06.22,02:05:14,37.9258,36.2795,5.0,-.-,2.2,-.-,HACIKODAL-GOKSUN,(KAHRAMANMARAS),Ýlksel
2023.06.22,01:25:17,40.7095,30.4918,7.1,-.-,2.5,-.-,YAZILI-ERENLER,(SAKARYA),Ýlksel
2023.06.22,01:12:10,38.0692,37.3973,5.0,-.-,2.3,-.-,AGCASAR-NURHAK,(KAHRAMANMARAS),Ýlksel
2023.06.22,01:05:30,40.3482,28.6170,4.4,-.-,1.6,-.-,CAMLIK-MUDANYA,(BURSA),Ýlksel
2023.06.22,00:47:17,38.3085,37.7387,9.3,-.-,1.7,-.-,CEVIRME-AKCADAG,(MALATYA),Ýlksel
2023.06.22,00:27:43,37.9392,36.2268,4.2,-.-,2.2,-.-,KALEBOYNU-GOKSUN,(KAHRAMANMARAS),Ýlksel
2023.06.22,00:06:29,37.9570,37.4642,8.7,-.-,1.7,-.-,NURHAK,(KAHRAMANMARAS),Ýlksel
2023.06.22,00:01:05,38.5090,39.3362,4.8,-.-,1.4,-.-,GUNEYKOY-SIVRICE,(ELAZIG),Ýlksel
2023.06.22,00:00:14,38.5160,39.3442,2.0,-.-,1.6,-.-,CEVIZDERE-(ELAZIG),Ýlksel
2023.06.21,23:59:27,38.4967,39.2043,4.6,-.-,1.5,-.-,KAVAKTEPE-(ELAZIG),Ýlksel
2023.06.21,23:49:02,38.5768,38.0995,12.6,-.-,2.0,-.-,MISIRDERE-YAZIHAN,(MALATYA),Ýlksel
2023.06.21,23:43:22,39.5250,27.0295,9.9,-.-,2.2,-.-,KIZIKLI-BURHANIYE,(BALIKESIR),Ýlksel
2023.06.21,23:20:19,38.1050,37.3875,3.2,-.-,1.8,-.-,AGCASAR-NURHAK,(KAHRAMANMARAS),Ýlksel
2023.06.21,23:01:57,38.1002,38.0878,5.0,-.-,2.4,-.-,YALINKAYA-YESILYURT,(MALATYA),Ýlksel
2023.06.21,22:59:41,37.6928,28.9895,4.8,-.-,1.4,-.-,VAKIF-TAVAS,(DENIZLI),Ýlksel
2023.06.21,22:55:53,38.1147,36.7247,5.3,-.-,1.2,-.-,KARAOMER-GOKSUN,(KAHRAMANMARAS),Ýlksel
2023.06.21,22:45:15,37.9902,36.4428,22.7,-.-,1.2,-.-,YIRICEK-GOKSUN,(KAHRAMANMARAS),Ýlksel
2023.06.21,22:38:03,38.0410,37.3827,5.9,-.-,2.4,-.-,AGCASAR-NURHAK,(KAHRAMANMARAS),Ýlksel
2023.06.21,22:20:03,37.8792,36.2555,7.9,-.-,1.4,-.-,TOPALLAR-SAIMBEYLI,(ADANA),Ýlksel
2023.06.21,21:26:26,38.4407,36.6358,5.0,-.-,2.4,-.-,DALLIKAVAK-SARIZ,(KAYSERI),Ýlksel
2023.06.21,21:20:31,37.9608,36.5407,8.1,-.-,1.9,-.-,KURUCAOVA-(KAHRAMANMARAS),Ýlksel
2023.06.21,21:08:22,38.1022,36.7607,4.5,-.-,2.4,-.-,KORKMAZ-GOKSUN,(KAHRAMANMARAS),Ýlksel
2023.06.21,21:00:52,38.4003,37.2730,1.5,-.-,1.5,-.-,GOKCEK-ELBISTAN,(KAHRAMANMARAS),Ýlksel
2023.06.21,20:40:59,36.3133,36.1937,5.2,-.-,3.0,-.-,ANAYAZI-(HATAY),Ýlksel
2023.06.21,20:32:01,38.4680,39.1103,5.7,-.-,1.9,-.-,DEREBOYNU-SIVRICE,(ELAZIG),Ýlksel
2023.06.21,20:26:09,38.3488,38.1978,15.6,-.-,2.0,-.-,DURULDU-(MALATYA),Ýlksel
2023.06.21,19:56:20,37.6683,35.3857,5.4,-.-,1.8,-.-,YETIMLI-ALADAG,(ADANA),Ýlksel
2023.06.21,19:55:17,36.2923,36.0415,23.0,-.-,1.5,-.-,KARLISU-(HATAY),Ýlksel
2023.06.21,19:49:05,38.3765,37.1873,2.3,-.-,1.7,-.-,HACIHASANLI-ELBISTAN,(KAHRAMANMARAS),Ýlksel
2023.06.21,19:46:55,37.7812,36.0415,5.0,-.-,1.2,-.-,AKOLUK-FEKE,(ADANA),Ýlksel
2023.06.21,19:35:37,37.9152,36.2348,4.9,-.-,1.7,-.-,AKSAAGAC-SAIMBEYLI,(ADANA),Ýlksel
2023.06.21,19:24:51,38.7888,37.3600,5.0,-.-,1.8,-.-,SULARBASI-GURUN,(SIVAS),Ýlksel
2023.06.21,19:13:20,36.9588,36.4180,17.2,-.-,1.3,-.-,KULLU-(OSMANIYE),Ýlksel
2023.06.21,18:58:53,36.4300,36.2772,25.3,-.-,1.6,-.-,TOPBOGAZI-KIRIKHAN,(HATAY),Ýlksel
2023.06.21,18:50:38,38.2978,36.5720,7.6,-.-,2.7,-.-,DAYOLUK-SARIZ,(KAYSERI),Ýlksel
2023.06.21,18:46:44,40.2678,29.5963,3.5,-.-,1.8,-.-,KARAKOY-YENISEHIR,(BURSA),Ýlksel
2023.06.21,18:43:45,38.2852,37.2697,8.5,-.-,1.4,-.-,KUCUKYAPALAK-ELBISTAN,(KAHRAMANMARAS),Ýlksel
2023.06.21,18:40:39,38.4935,36.6395,8.4,-.-,1.8,-.-,BUYUKSOBECIMEN-SARIZ,(KAYSERI),Ýlksel
2023.06.21,18:37:22,40.2868,29.5892,3.7,-.-,2.5,-.-,KARAKOY-YENISEHIR,(BURSA),Ýlksel
2023.06.21,18:35:13,36.3200,36.3525,20.2,-.-,1.6,-.-,KURTULUS-REYHANLI,(HATAY),Ýlksel
2023.06.21,18:28:29,38.1920,37.5282,5.0,-.-,1.7,-.-,KANGAL-ELBISTAN,(KAHRAMANMARAS),Ýlksel
2023.06.21,18:23:27,37.9603,36.5027,5.6,-.-,1.9,-.-,GOLPINAR-GOKSUN,(KAHRAMANMARAS),Ýlksel
2023.06.21,18:18:15,38.1535,37.0433,5.4,-.-,2.0,-.-,ORTAKLI-AFSIN,(KAHRAMANMARAS),Ýlksel
2023.06.21,18:07:50,38.9593,32.8473,4.8,-.-,1.9,-.-,CELEP-KULU,(KONYA),Ýlksel
2023.06.21,17:58:49,36.6965,33.3518,9.3,-.-,1.6,-.-,KADIKOY-MUT,(MERSIN),Ýlksel
2023.06.21,17:45:57,37.3943,36.8927,5.0,-.-,2.0,-.-,GOLLUHUYUK-TURKOGLU,(KAHRAMANMARAS),Ýlksel
2023.06.21,17:41:31,40.3237,35.4963,5.0,-.-,1.8,-.-,ILISU-GOYNUCEK,(AMASYA),Ýlksel
2023.06.21,17:29:52,38.0445,36.6252,8.7,-.-,2.3,2.1,KALEKOY-GOKSUN,(KAHRAMANMARAS),Ýlksel
2023.06.21,17:26:55,38.2228,38.2258,5.0,-.-,1.5,-.-,KADIRUSAGI-YESILYURT,(MALATYA),Ýlksel
2023.06.21,17:03:47,35.9552,29.2125,1.2,-.-,1.9,-.-,AKDENIZ,Ýlksel
2023.06.21,17:02:59,38.3347,37.3145,5.0,-.-,1.9,-.-,BUYUKYAPALAK-ELBISTAN,(KAHRAMANMARAS),Ýlksel
2023.06.21,16:53:07,38.1960,38.5390,5.3,-.-,2.3,-.-,ULUKOY-(MALATYA),Ýlksel
2023.06.21,16:46:47,38.0437,36.8965,5.4,-.-,2.1,-.-,ERICEK-GOKSUN,(KAHRAMANMARAS),Ýlksel
2023.06.21,16:43:41,37.3175,37.0312,5.4,-.-,2.3,-.-,CENNETPINARI-PAZARCIK,(KAHRAMANMARAS),Ýlksel
2023.06.21,16:04:07,37.0760,28.4547,8.8,-.-,1.6,-.-,ELMALI-ULA,(MUGLA),Ýlksel
2023.06.21,16:02:06,38.8493,37.5083,17.9,-.-,1.3,-.-,ESKIHAMAL-GURUN,(SIVAS),Ýlksel
2023.06.21,15:52:59,38.4800,39.3370,5.0,-.-,2.2,-.-,GUNEYKOY-SIVRICE,(ELAZIG),Ýlksel
2023.06.21,15:49:33,37.5833,36.1088,3.2,-.-,2.0,-.-,YESILYAYLA-SUMBAS,(OSMANIYE),Ýlksel
2023.06.21,14:44:38,37.8858,37.7038,19.6,-.-,1.7,-.-,KARABAHSILI-GOLBASI,(ADIYAMAN),Ýlksel
2023.06.21,13:29:02,38.0967,36.9178,28.2,-.-,2.4,-.-,KEMALPASA-GOKSUN,(KAHRAMANMARAS),Ýlksel
2023.06.21,13:25:42,38.3618,37.7473,5.0,-.-,1.4,-.-,DEMIRCILER-AKCADAG,(MALATYA),Ýlksel
2023.06.21,13:20:05,36.1083,33.5643,0.0,-.-,1.6,-.-,BUYUKECELI-GULNAR,(MERSIN),Ýlksel
2023.06.21,13:05:58,37.7858,37.5538,20.6,-.-,1.8,-.-,HACILAR-GOLBASI,(ADIYAMAN),Ýlksel
2023.06.21,12:59:48,36.2887,36.3393,2.3,-.-,1.6,-.-,SACAKLI-(HATAY),Ýlksel
2023.06.21,12:45:44,37.1738,37.1920,0.0,-.-,1.8,-.-,DURNALIK-SEHITKAMIL,(GAZIANTEP),Ýlksel
2023.06.21,12:36:38,37.9647,36.1950,8.2,-.-,1.6,-.-,KALEBOYNU-GOKSUN,(KAHRAMANMARAS),Ýlksel
2023.06.21,12:28:59,34.9165,23.4198,4.2,-.-,2.5,-.-,GIRIT,ADASI,(AKDENIZ),Ýlksel
2023.06.21,12:24:27,37.1698,37.0123,4.2,-.-,3.2,3.0,ATALAR-SEHITKAMIL,(GAZIANTEP),Ýlksel
2023.06.21,12:03:59,37.8893,36.2507,29.0,-.-,1.3,-.-,TOPALLAR-SAIMBEYLI,(ADANA),Ýlksel
2023.06.21,12:01:17,40.3820,31.1665,2.4,-.-,1.7,-.-,KURTLAR-MUDURNU,(BOLU),Ýlksel
2023.06.21,11:57:21,38.4960,37.2828,10.8,-.-,1.7,-.-,YENIKOY-DARENDE,(MALATYA),Ýlksel
2023.06.21,10:20:55,38.4813,37.4918,6.4,-.-,2.4,-.-,YAVUZLAR-DARENDE,(MALATYA),Ýlksel
2023.06.21,10:09:46,38.0885,36.4983,22.5,-.-,1.8,-.-,ALICLIBUCAK-GOKSUN,(KAHRAMANMARAS),Ýlksel
2023.06.21,10:01:25,36.2293,36.0963,2.6,-.-,1.5,-.-,BALLIOZ-(HATAY),Ýlksel
2023.06.21,09:41:41,37.9423,36.5575,24.2,-.-,1.7,-.-,KURUCAOVA-(KAHRAMANMARAS),Ýlksel
2023.06.21,09:32:53,38.0960,36.4825,9.5,-.-,1.6,-.-,MEHMETBEY-GOKSUN,(KAHRAMANMARAS),Ýlksel
2023.06.21,09:25:09,38.4020,34.1698,12.5,-.-,1.1,-.-,GOKCE-(AKSARAY),Ýlksel
2023.06.21,09:16:29,37.2000,36.9858,5.8,-.-,2.3,-.-,SATIRHUYUK-NURDAGI,(GAZIANTEP),Ýlksel
2023.06.21,09:12:35,36.9072,37.1140,11.8,-.-,2.0,-.-,KARAKIL-POLATELI,(KILIS),Ýlksel
2023.06.21,09:06:00,36.0275,36.0952,5.0,-.-,3.1,3.0,SURUTME-YAYLADAGI,(HATAY),Ýlksel
2023.06.21,08:39:59,37.9033,36.4505,12.2,-.-,1.8,-.-,DEGIRMENDERE-GOKSUN,(KAHRAMANMARAS),Ýlksel
2023.06.21,08:25:51,37.3023,36.7973,3.8,-.-,2.4,-.-,BEYOGLU-TURKOGLU,(KAHRAMANMARAS),Ýlksel
2023.06.21,07:56:12,36.0502,36.1578,5.5,-.-,1.6,-.-,SENKOY-(HATAY),Ýlksel
2023.06.21,07:52:09,36.0457,36.0945,5.5,-.-,1.6,-.-,DAGDUZU-(HATAY),Ýlksel
2023.06.21,07:25:50,37.1573,29.1675,2.9,-.-,2.1,-.-,HISAR-ACIPAYAM,(DENIZLI),Ýlksel
2023.06.21,07:23:26,38.0012,36.2185,5.4,-.-,1.7,-.-,YENIKOY-SAIMBEYLI,(ADANA),Ýlksel
2023.06.21,07:17:17,37.0790,27.9438,14.5,-.-,1.4,-.-,HUSAMLAR-MILAS,(MUGLA),Ýlksel
2023.06.21,07:06:24,37.8708,36.2637,7.9,-.-,1.5,-.-,TOPALLAR-SAIMBEYLI,(ADANA),Ýlksel
2023.06.21,07:04:42,37.9745,36.1977,17.8,-.-,1.4,-.-,KALEBOYNU-GOKSUN,(KAHRAMANMARAS),Ýlksel
2023.06.21,06:48:03,38.3382,27.1983,8.2,-.-,1.6,-.-,ZAFER-BUCA,(IZMIR),Ýlksel
2023.06.21,06:47:00,37.1528,29.1182,8.6,-.-,2.5,-.-,KARAISMAILLER-ACIPAYAM,(DENIZLI),Ýlksel
2023.06.21,06:40:47,38.0623,38.0857,16.6,-.-,2.1,-.-,YALINKAYA-YESILYURT,(MALATYA),Ýlksel
2023.06.21,06:40:31,37.4100,37.1085,4.3,-.-,2.1,-.-,DENIZLI-PAZARCIK,(KAHRAMANMARAS),Ýlksel
2023.06.21,06:39:55,38.3970,37.8712,6.6,-.-,2.0,-.-,SARIHACI-AKCADAG,(MALATYA),Ýlksel
2023.06.21,06:17:31,37.9118,36.4398,12.6,-.-,1.7,-.-,FINDIKLIKOYAK-GOKSUN,(KAHRAMANMARAS),Ýlksel
2023.06.21,06:07:38,38.5613,40.4223,2.1,-.-,1.6,-.-,YELKAYA-GENC,(BINGOL),Ýlksel
2023.06.21,05:48:57,38.0452,36.2345,1.7,-.-,1.5,-.-,YENIKOY-SAIMBEYLI,(ADANA),Ýlksel
2023.06.21,05:25:00,37.8347,36.5687,8.2,-.-,1.5,-.-,CUKURHISAR-(KAHRAMANMARAS),Ýlksel
2023.06.21,05:08:43,38.3173,38.6490,1.7,-.-,2.3,-.-,ALHANUSAGI-(MALATYA),Ýlksel
2023.06.21,05:03:53,38.5123,37.4848,5.8,-.-,1.2,-.-,KARAOGUZ-DARENDE,(MALATYA),Ýlksel
2023.06.21,04:50:13,37.9803,36.3113,2.4,-.-,2.6,-.-,KAZANDERE-GOKSUN,(KAHRAMANMARAS),Ýlksel
2023.06.21,04:43:46,35.5605,27.4538,3.6,-.-,2.6,-.-,AKDENIZ,Ýlksel
2023.06.21,04:42:53,38.0765,37.1915,5.5,-.-,2.3,-.-,EKINOZU,(KAHRAMANMARAS),Ýlksel
2023.06.21,04:13:51,39.6268,25.4367,8.2,-.-,2.1,-.-,EGE,DENIZI,Ýlksel
2023.06.21,04:08:31,37.0232,28.3047,16.7,-.-,1.0,-.-,CETIBELI-MARMARIS,(MUGLA),Ýlksel
2023.06.21,04:06:37,38.4682,37.2832,7.9,-.-,1.4,-.-,AKARCA-ELBISTAN,(KAHRAMANMARAS),Ýlksel
2023.06.21,04:02:57,34.8715,27.7852,5.0,-.-,2.1,-.-,AKDENIZ,Ýlksel
2023.06.21,03:53:29,38.2645,38.6093,7.2,-.-,1.7,-.-,PELITLI-(MALATYA),Ýlksel
2023.06.21,03:31:10,40.4480,33.3945,10.7,-.-,2.2,-.-,MARTKOY-SABANOZU,(CANKIRI),Ýlksel
2023.06.21,03:28:40,38.1718,37.9343,9.6,-.-,2.2,-.-,YUVALI-DOGANSEHIR,(MALATYA),Ýlksel
2023.06.21,03:26:50,37.8002,36.2693,12.8,-.-,1.9,-.-,CIGSAR-ANDIRIN,(KAHRAMANMARAS),Ýlksel
2023.06.21,03:26:09,37.7762,36.2802,14.0,-.-,1.6,-.-,CIGSAR-ANDIRIN,(KAHRAMANMARAS),Ýlksel
2023.06.21,03:15:06,38.0003,36.6075,6.7,-.-,1.2,-.-,SARAYCIK-GOKSUN,(KAHRAMANMARAS),Ýlksel
2023.06.21,03:12:40,37.0605,28.3797,19.4,-.-,0.9,-.-,GOKOVA-ULA,(MUGLA),Ýlksel
2023.06.21,03:11:16,37.4145,37.1228,5.5,-.-,1.6,-.-,DENIZLI-PAZARCIK,(KAHRAMANMARAS),Ýlksel
2023.06.21,03:05:25,38.4997,37.2468,5.0,-.-,1.8,-.-,KECEMAGARA-ELBISTAN,(KAHRAMANMARAS),Ýlksel
2023.06.21,03:04:09,38.1105,36.8693,5.0,-.-,1.6,-.-,KAMISCIK-GOKSUN,(KAHRAMANMARAS),Ýlksel
2023.06.21,02:52:28,38.0435,36.7635,6.3,-.-,1.8,-.-,KINIKKOZ-GOKSUN,(KAHRAMANMARAS),Ýlksel
2023.06.21,02:45:22,38.0858,36.8143,5.4,-.-,1.4,-.-,CARDAK-GOKSUN,(KAHRAMANMARAS),Ýlksel
2023.06.21,02:40:17,38.1365,37.7782,15.0,-.-,1.5,-.-,CAVUSLU-DOGANSEHIR,(MALATYA),Ýlksel
2023.06.21,02:36:56,38.5158,39.4440,10.1,-.-,1.5,-.-,GOLARDI-(ELAZIG),Ýlksel
2023.06.21,02:13:42,38.0163,38.5305,20.0,-.-,1.2,-.-,ESKIKOY-SINCIK,(ADIYAMAN),Ýlksel
2023.06.21,02:02:17,39.6812,35.4888,5.0,-.-,1.5,-.-,SARAYKENT,(YOZGAT),Ýlksel
2023.06.21,01:53:01,38.4317,37.5217,2.7,-.-,2.3,-.-,SUGUL-DARENDE,(MALATYA),Ýlksel
2023.06.21,01:43:33,38.7297,37.6570,23.4,-.-,1.3,-.-,KAYNARCA-KULUNCAK,(MALATYA),Ýlksel
2023.06.21,01:35:46,37.9787,36.3152,2.6,-.-,1.4,-.-,KAZANDERE-GOKSUN,(KAHRAMANMARAS),Ýlksel
2023.06.21,01:22:06,38.9428,42.4937,5.0,-.-,1.8,-.-,TATARGAZI-MALAZGIRT,(MUS),Ýlksel
2023.06.21,01:10:36,38.4647,38.2485,5.0,-.-,1.7,-.-,SUTLUCE-(MALATYA),Ýlksel
2023.06.21,01:00:56,36.8922,36.4888,5.5,-.-,1.3,-.-,HASANLOK-ISLAHIYE,(GAZIANTEP),Ýlksel
2023.06.21,00:36:47,38.8055,37.3985,5.0,-.-,1.5,-.-,YUVA-GURUN,(SIVAS),Ýlksel
2023.06.21,00:34:48,38.0285,37.4402,6.9,-.-,2.1,-.-,NURHAK,(KAHRAMANMARAS),Ýlksel
2023.06.21,00:29:46,37.9523,36.6495,5.0,-.-,3.1,3.0,KURUCAOVA-(KAHRAMANMARAS),Ýlksel
2023.06.21,00:25:22,37.9728,36.2690,4.6,-.-,2.3,-.-,KAZANDERE-GOKSUN,(KAHRAMANMARAS),Ýlksel
2023.06.21,00:19:40,37.5108,37.1865,5.9,-.-,1.7,-.-,SOGUTLU-PAZARCIK,(KAHRAMANMARAS),Ýlksel
2023.06.21,00:14:01,38.5940,37.3623,6.5,-.-,1.2,-.-,KURUDERE-DARENDE,(MALATYA),Ýlksel
2023.06.20,23:56:58,36.8795,36.5928,5.1,-.-,1.6,-.-,SAPANOZU-HASSA,(HATAY),Ýlksel
2023.06.20,23:53:55,38.2927,37.7232,9.3,-.-,1.6,-.-,CEVIRME-AKCADAG,(MALATYA),Ýlksel
2023.06.20,23:44:32,37.9615,36.2677,5.0,-.-,2.2,-.-,KAZANDERE-GOKSUN,(KAHRAMANMARAS),Ýlksel
2023.06.20,23:25:48,38.4495,37.1903,5.3,-.-,1.5,-.-,KARAMAGARA-ELBISTAN,(KAHRAMANMARAS),Ýlksel
2023.06.20,23:24:03,38.1092,36.5723,5.4,-.-,2.0,-.-,CAMDERE-GOKSUN,(KAHRAMANMARAS),Ýlksel
2023.06.20,23:21:01,37.6663,35.6070,8.1,-.-,1.7,-.-,MARANKECILI-KOZAN,(ADANA),Ýlksel
2023.06.20,23:02:20,38.1118,36.4418,5.0,-.-,2.1,-.-,MEHMETBEY-GOKSUN,(KAHRAMANMARAS),Ýlksel
2023.06.20,22:57:04,38.1705,36.9550,5.0,-.-,1.4,-.-,NADIRKOY-AFSIN,(KAHRAMANMARAS),Ýlksel
2023.06.20,22:49:41,37.7072,28.9637,13.1,-.-,1.3,-.-,BASKARCI-(DENIZLI),Ýlksel
2023.06.20,22:31:22,37.8557,36.2500,5.0,-.-,2.6,-.-,TOPALLAR-SAIMBEYLI,(ADANA),Ýlksel
2023.06.20,22:29:47,38.0132,36.5142,5.0,-.-,2.9,-.-,GOKSUN,(KAHRAMANMARAS),Ýlksel
2023.06.20,22:27:12,37.5617,36.1165,5.8,-.-,2.0,-.-,YESILYAYLA-SUMBAS,(OSMANIYE),Ýlksel
2023.06.20,22:26:15,37.6898,35.9883,5.0,-.-,2.9,-.-,KUYUBELI-KOZAN,(ADANA),Ýlksel
2023.06.20,22:14:31,37.9698,36.5073,5.0,-.-,3.4,3.3,KIRECKOY-GOKSUN,(KAHRAMANMARAS),Ýlksel
2023.06.20,22:08:08,35.8322,25.6957,29.9,-.-,2.7,-.-,AKDENIZ,REVIZE01,(2023.06.20,22:08:09)
2023.06.20,21:56:34,38.3585,37.2383,5.3,-.-,1.3,-.-,EVCIHUYUK-ELBISTAN,(KAHRAMANMARAS),Ýlksel
2023.06.20,21:42:02,37.4423,37.0102,5.0,-.-,1.5,-.-,SIVRICEHUYUK-(KAHRAMANMARAS),Ýlksel
2023.06.20,21:31:54,34.9315,24.1728,7.4,-.-,2.9,-.-,GIRIT,ADASI,(AKDENIZ),Ýlksel
2023.06.20,21:22:46,37.9707,36.2948,5.0,-.-,3.4,3.2,KAZANDERE-GOKSUN,(KAHRAMANMARAS),Ýlksel
2023.06.20,21:20:11,36.0317,36.0785,4.7,-.-,3.2,3.1,KARACURUN-YAYLADAGI,(HATAY),Ýlksel
2023.06.20,21:08:19,36.1618,32.2687,10.2,-.-,2.4,-.-,GAZIPASA,ACIKLARI-ANTALYA,(AKDENIZ),Ýlksel
2023.06.20,20:58:12,37.8907,36.4053,4.8,-.-,1.7,-.-,BUYUKCAMURLU-GOKSUN,(KAHRAMANMARAS),Ýlksel
2023.06.20,20:39:57,38.0842,36.8565,6.9,-.-,1.6,-.-,ERICEK-GOKSUN,(KAHRAMANMARAS),Ýlksel
2023.06.20,20:38:00,37.2782,36.7315,5.3,-.-,1.3,-.-,DEDELER-TURKOGLU,(KAHRAMANMARAS),Ýlksel
2023.06.20,20:32:40,38.0220,36.6727,5.0,-.-,1.8,-.-,KIZILOZ-GOKSUN,(KAHRAMANMARAS),Ýlksel
2023.06.20,20:26:16,37.8437,36.2158,5.0,-.-,1.9,-.-,KARAKUYU-SAIMBEYLI,(ADANA),Ýlksel
2023.06.20,20:19:05,36.2085,36.1367,11.4,-.-,2.4,-.-,CEKMECE-(HATAY),Ýlksel
2023.06.20,20:05:34,37.0495,30.0063,5.0,-.-,1.9,-.-,YUKARIKARAMAN-KORKUTELI,(ANTALYA),Ýlksel
2023.06.20,19:19:38,36.5797,31.1875,21.3,-.-,2.0,-.-,ANTALYA,KORFEZI,(AKDENIZ),Ýlksel
2023.06.20,18:42:50,37.8150,26.8805,5.9,-.-,2.4,-.-,SISAM,ADASI,(EGE,DENIZI),Ýlksel
2023.06.20,18:33:37,37.1223,36.3268,5.5,-.-,2.0,-.-,CONA-(OSMANIYE),Ýlksel
2023.06.20,18:32:14,37.8617,36.3262,5.0,-.-,1.8,-.-,PAYAMBURNU-GOKSUN,(KAHRAMANMARAS),Ýlksel
2023.06.20,18:27:01,38.3255,37.7245,8.1,-.-,1.8,-.-,BEKIRUSAGI-AKCADAG,(MALATYA),Ýlksel
2023.06.20,18:00:36,37.8567,28.0723,2.1,-.-,1.7,-.-,YAVUZKOY-KOSK,(AYDIN),Ýlksel
2023.06.20,18:00:10,40.5820,35.3203,5.3,-.-,2.5,-.-,SULUKLU-MECITOZU,(CORUM),Ýlksel
2023.06.20,17:56:25,38.3910,37.3867,9.1,-.-,2.2,-.-,YALINTAS-ELBISTAN,(KAHRAMANMARAS),Ýlksel
2023.06.20,17:52:25,38.3335,38.3212,5.1,-.-,1.7,-.-,MALATYA,Ýlksel
2023.06.20,17:50:19,38.0692,36.7263,5.5,-.-,1.8,-.-,FINDIK-GOKSUN,(KAHRAMANMARAS),Ýlksel
2023.06.20,17:30:11,38.2958,38.1143,6.2,-.-,1.8,-.-,GORGU-YESILYURT,(MALATYA),Ýlksel
2023.06.20,17:08:17,36.6540,36.4340,7.8,-.-,1.8,-.-,BEKTASLI-KIRIKHAN,(HATAY),Ýlksel
2023.06.20,16:59:07,36.7648,36.1120,6.9,-.-,2.2,-.-,PAYAS-DORTYOL,(HATAY),Ýlksel
2023.06.20,16:32:27,36.1895,31.6325,20.2,-.-,2.3,-.-,ANTALYA,KORFEZI,(AKDENIZ),Ýlksel
2023.06.20,16:29:08,37.9617,36.4470,4.7,-.-,2.3,-.-,TASOLUK-GOKSUN,(KAHRAMANMARAS),Ýlksel
2023.06.20,16:02:00,40.7675,31.0100,11.2,-.-,1.4,-.-,HACIYAKUP-GOLYAKA,(DUZCE),Ýlksel
2023.06.20,15:58:40,37.6385,35.8835,1.7,-.-,1.7,-.-,KARABUCAK-KOZAN,(ADANA),Ýlksel
2023.06.20,15:49:03,38.1733,37.8637,12.8,-.-,2.5,-.-,POLAT-DOGANSEHIR,(MALATYA),Ýlksel
2023.06.20,15:18:17,36.9632,35.3938,7.2,-.-,1.5,-.-,YUREGIR,(ADANA),Ýlksel
2023.06.20,15:18:06,37.3832,37.0698,22.4,-.-,1.8,-.-,HALKACAYIRI-(KAHRAMANMARAS),Ýlksel
2023.06.20,15:15:57,37.7247,28.9872,13.7,-.-,1.8,-.-,BASKARCI-(DENIZLI),REVIZE01,(2023.06.20,15:15:57)
2023.06.20,15:14:59,37.6855,28.9780,5.4,-.-,2.6,-.-,VAKIF-TAVAS,(DENIZLI),Ýlksel
2023.06.20,15:07:44,36.9817,35.7897,5.0,-.-,1.5,-.-,TOKTAMIS-CEYHAN,(ADANA),Ýlksel
2023.06.20,14:51:15,38.2393,36.3405,36.9,-.-,1.1,-.-,BOZGUNEY-TUFANBEYLI,(ADANA),Ýlksel
2023.06.20,14:45:09,38.6782,36.7067,3.1,-.-,1.6,-.-,CAVDAR-SARIZ,(KAYSERI),Ýlksel
2023.06.20,14:31:35,37.6980,36.6305,29.4,-.-,1.5,-.-,YENIDEMIR-(KAHRAMANMARAS),Ýlksel
2023.06.20,14:11:51,38.7778,37.5267,4.4,-.-,1.5,-.-,AYVALI-GURUN,(SIVAS),Ýlksel
2023.06.20,14:01:43,39.1927,35.6912,15.2,-.-,1.8,-.-,BUYUK,TORAMAN-FELAHIYE,(KAYSERI),Ýlksel
2023.06.20,13:59:22,37.9738,37.6168,9.9,-.-,2.1,-.-,KAPIDERE-DOGANSEHIR,(MALATYA),Ýlksel
2023.06.20,13:53:54,38.2430,37.1342,21.6,-.-,2.1,-.-,GUVERCINLIK-ELBISTAN,(KAHRAMANMARAS),Ýlksel
2023.06.20,13:47:28,38.9782,37.5180,31.3,-.-,1.4,-.-,KARLIK-KULUNCAK,(MALATYA),Ýlksel
2023.06.20,13:40:12,40.3975,30.7607,5.6,-.-,1.8,-.-,GOYNUK,(BOLU),Ýlksel
2023.06.20,13:38:38,38.2337,35.9338,0.0,-.-,1.4,-.-,IMAMKULLU-TOMARZA,(KAYSERI),Ýlksel
2023.06.20,13:21:25,38.6305,36.0900,0.0,-.-,1.5,-.-,SAMAGIR-BUNYAN,(KAYSERI),Ýlksel
2023.06.20,13:04:21,37.9012,36.5225,17.7,-.-,1.6,-.-,DEGIRMENDERE-GOKSUN,(KAHRAMANMARAS),Ýlksel
2023.06.20,12:29:37,36.5480,36.6737,18.1,-.-,1.7,-.-,TURKIYE-SURIYE,SINIR,BOLGESI,Ýlksel
